[
  {
    "id": "20e5e98c-ac54-4c1c-a79b-24669d79e430",
    "data": [
      {
        "text": "drinks and deserts",
        "userDefined": false
      }
    ],
    "isTemplate": false,
    "count": 0,
    "lang": "en",
    "updated": 0
  },
  {
    "id": "31631b36-6950-4cc6-a700-ff71336077fb",
    "data": [
      {
        "text": "deserts",
        "userDefined": false
      }
    ],
    "isTemplate": false,
    "count": 0,
    "lang": "en",
    "updated": 0
  },
  {
    "id": "9808448c-5c08-43ba-be0d-34b3b12a69a5",
    "data": [
      {
        "text": "drinks",
        "userDefined": false
      }
    ],
    "isTemplate": false,
    "count": 0,
    "lang": "en",
    "updated": 0
  }
]